invoice-number,account-number,first-name,last-name,email,total-amount-due,billing-month,account-type
1413989,1050,Lind,Garlicke,lgarlicke0@dagondesign.com,269,2021-07,A1
1041692,1244,Theresita,Libero,tlibero1@hc360.com,160,2021-06,A9
1377898,1315,Poul,Henlon,phenlon2@gnu.org,299,2021-11,B7
1124399,1241,Tallou,Pendered,tpendered3@vk.com,163,2021-11,B6
1228117,1412,Filbert,Fessier,ffessier4@si.edu,112,2021-05,B9
1152865,1388,Mozelle,Booler,mbooler5@prweb.com,275,2022-01,B2
1136283,1127,Bryn,Saben,bsaben6@umich.edu,226,2021-02,B9
1605899,1078,Jeanne,Quainton,jquainton7@vkontakte.ru,265,2021-06,A1
1271033,1386,Spike,Harberer,sharberer8@ed.gov,280,2021-08,B5
1947273,1034,Carter,Howe,chowe9@sciencedaily.com,274,2021-06,B8
1883106,1003,Miltie,Wonham,mwonhama@arizona.edu,127,2021-03,B6
1889830,1478,Celina,Streat,cstreatb@shutterfly.com,245,2021-05,B4
1546347,1436,Adelaida,Annwyl,aannwylc@g.co,82,2021-12,B5
1465837,1021,Urbano,Corston,ucorstond@macromedia.com,248,2021-09,B8
1060825,1424,Janaya,Rawes,jrawese@homestead.com,296,2022-02,B3
1505003,1251,Zora,Redish,zredishf@blog.com,254,2021-02,B8
1721396,1355,Corrina,Dullard,cdullardg@vistaprint.com,62,2021-08,B7
1169564,1489,Mimi,Balaizot,mbalaizoth@macromedia.com,216,2021-10,B8
1170252,1365,Corinna,MacMaster,cmacmasteri@gravatar.com,237,2021-02,A6
1962786,1085,Bryanty,Newis,bnewisj@seattletimes.com,107,2021-08,A0
1461712,1149,Kora,Alfonsini,kalfonsinik@technorati.com,64,2021-09,A9
1101369,1466,Adoree,Waller,awallerl@php.net,136,2021-02,A7
1363031,1254,Doy,Murdy,dmurdym@hatena.ne.jp,146,2021-10,A4
1610739,1209,Tansy,Euler,teulern@wiley.com,282,2021-03,A9
1954642,1002,Daphne,Gudgion,dgudgiono@state.gov,298,2022-01,B1
1942228,1410,Eveleen,Sharrock,esharrockp@hexun.com,222,2022-02,B4
1897469,1020,Hattie,Baudou,hbaudouq@kickstarter.com,60,2022-01,B7
1813057,1023,Giorgia,Witherop,gwitheropr@miibeian.gov.cn,130,2021-04,A2
1742332,1072,Tamarra,Keyzman,tkeyzmans@photobucket.com,256,2021-09,A0
1515740,1269,Dianne,Grute,dgrutet@bluehost.com,219,2021-07,A3
1675631,1481,Wit,Pleven,wplevenu@youtu.be,81,2021-04,B1
1822110,1296,Daryn,Heathcote,dheathcotev@moonfruit.com,161,2021-02,B5
1274119,1466,Nerti,Heynel,nheynelw@slideshare.net,192,2022-02,A5
1132021,1272,Leo,Leathwood,lleathwoodx@adobe.com,166,2021-02,B4
1914841,1113,Aldrich,Frangleton,afrangletony@desdev.cn,273,2021-06,A6
1822631,1285,Reine,Matresse,rmatressez@delicious.com,177,2021-06,B1
1749793,1109,Hersh,Tallet,htallet10@nbcnews.com,198,2021-06,B8
1600753,1180,Selie,Mayes,smayes11@ucoz.com,231,2021-07,B5
1434526,1131,Rycca,Oxbie,roxbie12@i2i.jp,148,2021-09,B0
1133003,1376,Trude,Hischke,thischke13@photobucket.com,73,2021-05,B1
1025792,1398,Zebulon,Brisset,zbrisset14@amazon.co.uk,298,2021-12,A2
1306267,1415,Eleonore,Measor,emeasor15@usa.gov,246,2021-02,A8
1318078,1173,Aurelea,Venners,avenners16@archive.org,191,2021-09,B0
1991555,1453,Tades,Worgen,tworgen17@yahoo.com,122,2021-12,B0
1325228,1392,Viviana,Marler,vmarler18@naver.com,123,2022-02,B7
1173511,1341,Tracey,Hassin,thassin19@ustream.tv,57,2021-09,A5
1900918,1316,Fawne,Olivet,folivet1a@apple.com,291,2021-11,A6
1617722,1257,Denny,Palomba,dpalomba1b@furl.net,292,2021-02,B8
1699642,1013,Hilton,Duffet,hduffet1c@disqus.com,275,2021-07,B3
1849854,1364,Nicole,Harlock,nharlock1d@cnn.com,261,2021-07,A1
1539577,1353,Travis,Byneth,tbyneth1e@gov.uk,255,2021-02,B2
1170214,1119,Chuck,Pape,cpape1f@issuu.com,239,2021-04,A3
1487058,1339,Loria,Feitosa,lfeitosa1g@imgur.com,299,2021-04,A0
1805254,1349,Lanie,Hannan,lhannan1h@canalblog.com,259,2022-02,A9
1146650,1416,Elizabet,Wilhelmy,ewilhelmy1i@youku.com,141,2021-02,B4
1379829,1424,Cissy,Duplan,cduplan1j@a8.net,211,2021-03,B5
1563595,1404,Haroun,Clubley,hclubley1k@marriott.com,117,2021-06,B1
1052165,1009,Harcourt,Karim,hkarim1l@harvard.edu,300,2021-12,A5
1424275,1268,Wendy,Banville,wbanville1m@stumbleupon.com,68,2021-12,A5
1460279,1344,Karyn,O'Towey,kotowey1n@histats.com,271,2021-09,B2
1032756,1270,Nye,Dobing,ndobing1o@irs.gov,234,2021-08,A7
1447918,1016,Kirk,Losebie,klosebie1p@liveinternet.ru,133,2021-11,A8
1433405,1113,Marietta,Lago,mlago1q@house.gov,276,2021-06,A6
1520894,1395,Delainey,Presnall,dpresnall1r@bbc.co.uk,104,2021-08,B9
1157036,1374,Miguel,Stovin,mstovin1s@lycos.com,127,2021-10,A6
1958579,1217,Darby,Strippel,dstrippel1t@usa.gov,238,2021-10,B0
1999795,1095,Micheline,Sporton,msporton1u@reddit.com,138,2022-01,B9
1873754,1339,Onida,Southan,osouthan1v@indiegogo.com,83,2021-06,A3
1240538,1435,Umberto,Haslin,uhaslin1w@xrea.com,190,2021-04,B1
1597935,1337,Bordie,Beall,bbeall1x@prweb.com,216,2021-04,A7
1522495,1219,Morna,Braime,mbraime1y@apple.com,60,2021-06,B5
1982751,1025,Willa,Adess,wadess1z@narod.ru,245,2022-01,B9
1282689,1445,Kanya,Daber,kdaber20@wufoo.com,254,2021-12,B4
1266200,1146,Shadow,Agron,sagron21@harvard.edu,146,2021-12,A0
1031124,1093,Saundra,Allewell,sallewell22@statcounter.com,300,2022-01,A5
1060600,1399,Maureene,Duran,mduran23@vkontakte.ru,88,2021-12,B4
1430766,1080,Clarie,Barbary,cbarbary24@gnu.org,198,2021-10,A1
1683454,1180,Tessi,Crassweller,tcrassweller25@jiathis.com,160,2021-09,B8
1112142,1060,Nikki,McElory,nmcelory26@yale.edu,160,2021-10,B2
1717626,1418,Ainsley,Roslen,aroslen27@pcworld.com,298,2021-02,B5
1607091,1331,Ortensia,Lampen,olampen28@apache.org,231,2021-10,A2
1559998,1084,Murry,Bettenay,mbettenay29@ucla.edu,187,2021-03,A2
1655888,1364,Anitra,Ciciari,aciciari2a@sfgate.com,226,2022-01,A0
1949848,1321,Floyd,Kindleysides,fkindleysides2b@addtoany.com,180,2021-11,A9
1260745,1045,Geoffry,McGarrity,gmcgarrity2c@unblog.fr,134,2021-06,B8
1317069,1094,Laura,Lawee,llawee2d@xrea.com,181,2022-02,A3
1049340,1350,Lonnard,Brameld,lbrameld2e@mayoclinic.com,92,2021-03,B8
1917268,1332,Dorrie,Ornells,dornells2f@feedburner.com,279,2021-07,A8
1173229,1120,Kellen,Faro,kfaro2g@senate.gov,240,2021-02,A3
1348322,1339,Caressa,Kobiera,ckobiera2h@plala.or.jp,99,2021-02,B9
1725796,1115,Lissy,Ruter,lruter2i@google.com.au,177,2021-05,A2
1188329,1322,Gilberte,Mullard,gmullard2j@webnode.com,87,2021-11,B1
1743879,1235,Sandra,Dearn,sdearn2k@cbsnews.com,133,2021-12,B1
1915438,1104,Pete,Dukes,pdukes2l@slashdot.org,72,2021-08,A1
1320087,1235,Viviene,Guidi,vguidi2m@epa.gov,280,2021-11,B1
1946770,1016,Vladimir,Snook,vsnook2n@goodreads.com,107,2021-02,B4
1226176,1208,Gwyn,Palia,gpalia2o@hhs.gov,275,2021-08,B4
1887066,1319,Collete,Manilo,cmanilo2p@amazon.de,123,2021-12,A1
1880540,1431,Myles,de Mendoza,mdemendoza2q@ucoz.ru,191,2021-12,B3
1109804,1119,Betteann,Hardwell,bhardwell2r@craigslist.org,194,2021-05,B2
1479404,1132,Michaela,Cutridge,mcutridge2s@seattletimes.com,258,2021-11,B2
1947216,1356,Georgette,Reboul,greboul2t@mtv.com,152,2021-07,B4
1093777,1036,Jessika,Wenham,jwenham2u@newyorker.com,224,2021-02,A3
1407184,1398,Stefanie,Robbert,srobbert2v@salon.com,100,2021-06,B7
1328087,1120,Saxon,De Filippi,sdefilippi2w@addtoany.com,270,2021-12,A1
1079505,1399,Milton,Horbart,mhorbart2x@admin.ch,158,2022-01,A7
1560806,1171,Elicia,McHardy,emchardy2y@4shared.com,87,2021-08,B9
1733608,1122,Shir,Floyed,sfloyed2z@biglobe.ne.jp,213,2022-02,A6
1572059,1253,Kaila,Biskupek,kbiskupek30@home.pl,298,2021-07,B9
1872693,1369,Julian,Deport,jdeport31@elpais.com,294,2022-02,A4
1839864,1433,Genevra,Plinck,gplinck32@hexun.com,291,2021-05,B7
1587054,1338,Terrence,Bartalot,tbartalot33@symantec.com,166,2021-08,A2
1497032,1469,Duane,Backe,dbacke34@tripod.com,147,2021-09,A7
1926400,1086,Liz,Robker,lrobker35@ebay.com,91,2021-07,A1
1102508,1335,Gina,Simson,gsimson36@va.gov,146,2021-09,A8
1591654,1052,Camila,Heineke,cheineke37@posterous.com,244,2021-06,B6
1066876,1322,Harald,Joerning,hjoerning38@jigsy.com,283,2021-02,A4
1442530,1353,Caren,MacDunleavy,cmacdunleavy39@mozilla.org,226,2021-06,B5
1924443,1204,Helyn,Zanicchelli,hzanicchelli3a@upenn.edu,204,2022-01,A6
1204653,1126,Ofella,Poyntz,opoyntz3b@google.com.au,194,2021-11,B8
1115644,1355,Loren,Andrzejewski,landrzejewski3c@phpbb.com,225,2021-11,B6
1341630,1266,Lorelei,Cromb,lcromb3d@xrea.com,221,2021-02,A3
1805859,1276,Leanna,Purver,lpurver3e@w3.org,282,2022-01,A7
1780623,1499,Devina,Facher,dfacher3f@blogger.com,155,2021-10,A9
1281393,1070,Harvey,Penniell,hpenniell3g@loc.gov,277,2021-12,A9
1768356,1467,Dusty,Perocci,dperocci3h@yelp.com,213,2021-05,B7
1317636,1036,Dulcine,Connealy,dconnealy3i@hostgator.com,206,2021-05,B0
1338475,1426,Wesley,Knibbs,wknibbs3j@yellowpages.com,229,2021-07,B0
1692937,1032,Lucky,Draco,ldraco3k@godaddy.com,104,2021-12,A5
1452382,1443,Lindsey,Brockhurst,lbrockhurst3l@xrea.com,175,2021-04,A9
1713231,1335,Fabien,Jebb,fjebb3m@theglobeandmail.com,266,2021-08,A2
1256503,1232,Kipp,Yegorev,kyegorev3n@mediafire.com,50,2021-05,A3
1259801,1359,Lucky,Reddish,lreddish3o@aol.com,103,2021-03,B4
1841799,1006,Andrus,Wittke,awittke3p@archive.org,236,2021-10,B6
1008488,1006,Malissa,Ewbanche,mewbanche3q@xinhuanet.com,215,2021-02,B8
1697362,1027,Claudetta,Mazzei,cmazzei3r@hatena.ne.jp,252,2021-09,A5
1621422,1239,Betty,Ruller,bruller3s@netscape.com,299,2021-08,B7
1658056,1202,Gertrude,Peeters,gpeeters3t@ed.gov,90,2022-01,B4
1379564,1101,Kimberlee,Kleisel,kkleisel3u@amazonaws.com,180,2021-08,B7
1113101,1077,Clevey,Arnecke,carnecke3v@cpanel.net,57,2021-10,A8
1702597,1030,Tommie,Tournie,ttournie3w@smugmug.com,241,2021-09,A9
1983755,1104,Mariya,Speak,mspeak3x@fda.gov,242,2021-03,A5
1073878,1188,Rogers,Kneel,rkneel3y@blogs.com,263,2021-08,A8
1219666,1240,Adrienne,Lautie,alautie3z@whitehouse.gov,220,2021-03,A3
1858950,1237,Paxton,Banks,pbanks40@dailymail.co.uk,225,2021-07,B4
1878286,1102,Ardys,Von Gladbach,avongladbach41@webs.com,110,2021-08,B9
1024381,1347,Kacey,Graeber,kgraeber42@freewebs.com,94,2021-10,A2
1211915,1125,Marinna,Freeth,mfreeth43@eventbrite.com,55,2021-03,B9
1579698,1015,Reinald,Jorat,rjorat44@qq.com,248,2021-06,A5
1993496,1076,Ambros,Yokley,ayokley45@geocities.jp,142,2021-06,B2
1695785,1388,Sigismondo,O'Sesnane,sosesnane46@google.com,160,2021-07,B2
1871015,1143,Lowrance,Patrone,lpatrone47@bbb.org,260,2021-03,B1
1304846,1297,Hans,Smithin,hsmithin48@unc.edu,290,2021-10,B5
1299440,1279,Darcie,Lope,dlope49@meetup.com,279,2021-05,A2
1195963,1079,Leona,Sorley,lsorley4a@de.vu,83,2021-12,A3
1868566,1331,Riki,Hydes,rhydes4b@cornell.edu,92,2021-09,B0
1340509,1223,Sim,Childrens,schildrens4c@stanford.edu,151,2021-09,B6
1389239,1063,Dianne,Dulake,ddulake4d@japanpost.jp,92,2022-01,B7
1013179,1104,Adelice,Bilbey,abilbey4e@merriam-webster.com,271,2021-11,A5
1049165,1488,Kati,Emery,kemery4f@wikia.com,133,2022-02,A0
1683763,1123,Martica,Ullett,mullett4g@wunderground.com,291,2021-08,A6
1134577,1431,Modestia,Doswell,mdoswell4h@acquirethisname.com,63,2021-07,A6
1380271,1475,Sandy,Footitt,sfootitt4i@facebook.com,133,2021-03,A1
1124316,1140,Johnath,Jozsa,jjozsa4j@opensource.org,242,2021-02,A1
1968484,1332,Larine,Smallpeice,lsmallpeice4k@google.fr,185,2022-02,B7
1158227,1480,Margo,Tschursch,mtschursch4l@friendfeed.com,203,2021-03,B7
1165292,1274,Annalee,Braisted,abraisted4m@usda.gov,189,2021-10,B4
1967038,1059,Gilbertine,Bastock,gbastock4n@statcounter.com,185,2021-06,B8
1172237,1243,Michel,Bolle,mbolle4o@cargocollective.com,103,2021-11,A7
1736176,1258,Hammad,Flindall,hflindall4p@nasa.gov,95,2021-02,B0
1478036,1112,Dion,Wildish,dwildish4q@technorati.com,282,2021-09,A6
1503887,1339,Rodi,Sposito,rsposito4r@friendfeed.com,91,2021-02,B4
1873083,1049,Cart,Jenton,cjenton4s@eepurl.com,145,2021-11,A5
1739729,1199,Jesus,Lacey,jlacey4t@xinhuanet.com,297,2021-04,A0
1664366,1433,Martie,Purselowe,mpurselowe4u@vk.com,263,2021-05,B1
1247500,1233,Delano,Enoksson,denoksson4v@yellowbook.com,241,2021-07,A6
1425019,1393,Wat,Pessolt,wpessolt4w@naver.com,69,2021-10,A8
1668929,1310,Ryley,Primak,rprimak4x@goo.ne.jp,217,2022-02,B4
1812668,1007,Bonni,Dumphreys,bdumphreys4y@instagram.com,293,2021-11,B8
1429184,1119,Joya,Duthy,jduthy4z@newsvine.com,61,2021-04,A8
1583059,1245,Genevieve,Dakers,gdakers50@ow.ly,246,2022-02,A1
1721050,1398,Amabelle,MacHarg,amacharg51@indiatimes.com,106,2022-01,A3
1222926,1047,Corissa,Poundsford,cpoundsford52@meetup.com,101,2021-10,A7
1578424,1179,Rorke,Laherty,rlaherty53@ask.com,155,2021-08,B5
1937305,1432,Hamid,Dongate,hdongate54@twitter.com,191,2022-02,A0
1059040,1087,Adlai,Kiezler,akiezler55@techcrunch.com,86,2021-06,A7
1564669,1274,Nappy,Crayton,ncrayton56@usnews.com,274,2021-11,B5
1859614,1360,Frasquito,Danielsen,fdanielsen57@a8.net,128,2021-03,A6
1132586,1239,Kalinda,Collabine,kcollabine58@xing.com,104,2021-05,A7
1346375,1442,Flore,Bach,fbach59@howstuffworks.com,236,2021-12,B8
1990763,1326,Melamie,Tomkin,mtomkin5a@issuu.com,172,2022-01,A2
1823160,1004,Cad,Byrom,cbyrom5b@senate.gov,159,2021-06,B7
1360385,1044,Kirbee,Postill,kpostill5c@webmd.com,220,2021-05,A8
1978478,1416,Aurora,Kenchington,akenchington5d@paginegialle.it,190,2021-03,A2
1813702,1394,Cullan,Winslet,cwinslet5e@ebay.com,99,2021-10,B4
1632252,1043,Dara,Reven,dreven5f@geocities.jp,108,2022-01,B1
1320249,1403,Devina,Lockyer,dlockyer5g@istockphoto.com,200,2021-03,B0
1304602,1412,Grover,Ledger,gledger5h@abc.net.au,211,2021-11,A0
1308144,1453,Allx,Aldridge,aaldridge5i@ocn.ne.jp,197,2021-12,B7
1228300,1183,Frasier,Bradane,fbradane5j@feedburner.com,98,2022-02,B9
1197752,1444,Ephrayim,Doddemeede,edoddemeede5k@xing.com,51,2021-07,B8
1714133,1478,Zabrina,Balchen,zbalchen5l@linkedin.com,171,2021-07,B9
1308206,1007,Deeann,Iscowitz,discowitz5m@pagesperso-orange.fr,105,2021-12,B7
1384267,1233,Nady,Scardafield,nscardafield5n@intel.com,194,2021-05,A0
1625503,1024,Nils,Piesold,npiesold5o@comcast.net,243,2021-12,B5
1062599,1239,Gay,Housen,ghousen5p@prlog.org,109,2021-05,A6
1739262,1090,Ibbie,Okie,iokie5q@technorati.com,137,2021-12,B4
1240764,1228,Claudine,Ogus,cogus5r@theglobeandmail.com,146,2021-02,A7
1045298,1370,Wilbert,Haggerty,whaggerty5s@upenn.edu,111,2021-03,A0
1897091,1047,Ned,Lucock,nlucock5t@senate.gov,237,2021-07,A0
1887602,1028,Thorndike,O'Driscoll,todriscoll5u@unblog.fr,185,2022-01,A0
1107255,1040,Bruno,Redgate,bredgate5v@ifeng.com,293,2021-08,A8
1649410,1462,Beitris,Doumenc,bdoumenc5w@ebay.co.uk,209,2022-02,A6
1796760,1045,Aguie,Adriano,aadriano5x@bbc.co.uk,137,2021-05,B3
1596859,1110,Sheba,Pibsworth,spibsworth5y@yale.edu,163,2021-04,A8
1838391,1231,Jany,Corrett,jcorrett5z@hubpages.com,163,2021-07,B3
1680461,1180,Mateo,Nixon,mnixon60@army.mil,60,2021-11,B6
1518080,1425,Mace,Luckie,mluckie61@ning.com,146,2022-01,A1
1992284,1042,Shayla,Vedishchev,svedishchev62@loc.gov,117,2021-09,B0
1576281,1373,Rosabel,Alabone,ralabone63@themeforest.net,56,2021-09,A7
1243910,1185,Lennard,Vedenyapin,lvedenyapin64@php.net,275,2021-08,B2
1687274,1345,Arnaldo,Ruskin,aruskin65@pcworld.com,299,2022-01,A3
1531745,1351,Seamus,Yaakov,syaakov66@hao123.com,178,2021-09,A3
1171907,1173,Michelina,Ladbury,mladbury67@tiny.cc,244,2021-08,A2
1022755,1089,Lindy,Last,llast68@mtv.com,272,2021-08,B7
1673102,1229,Jerrilyn,Orrick,jorrick69@dropbox.com,176,2021-03,A3
1415342,1408,Bili,Conti,bconti6a@sfgate.com,134,2021-02,B1
1434106,1298,Rebekkah,Khomishin,rkhomishin6b@omniture.com,121,2021-05,A4
1817650,1209,Demeter,Wanless,dwanless6c@sogou.com,233,2021-03,B2
1453829,1282,Bobette,Gibbon,bgibbon6d@businesswire.com,277,2021-07,B2
1538647,1124,Alanna,Crighton,acrighton6e@ucoz.com,150,2021-08,B7
1368478,1218,Angele,Boeck,aboeck6f@ihg.com,154,2021-06,B7
1777621,1221,Alf,Dussy,adussy6g@mac.com,158,2022-01,B7
1791838,1281,Atalanta,O'Garmen,aogarmen6h@yahoo.com,261,2021-02,A4
1064336,1304,Ashton,Nabbs,anabbs6i@163.com,73,2021-04,A6
1597515,1118,Pren,Arlet,parlet6j@mac.com,145,2021-10,B7
1018423,1441,Keith,Blazewicz,kblazewicz6k@msn.com,174,2021-10,B7
1074378,1275,Toma,Godfery,tgodfery6l@ameblo.jp,172,2021-07,A5
1223976,1096,Gasper,Reddick,greddick6m@printfriendly.com,117,2021-12,A3
1264090,1109,Farra,Rutledge,frutledge6n@salon.com,219,2021-10,A3
1238397,1148,Rozele,Pietruszka,rpietruszka6o@live.com,271,2021-11,B4
1270471,1111,Rutledge,Corbyn,rcorbyn6p@vinaora.com,231,2021-08,A4
1919651,1156,Allayne,Torresi,atorresi6q@ow.ly,107,2022-01,A1
1530328,1449,Selena,Vineall,svineall6r@wikipedia.org,106,2021-09,B5
1701732,1261,Wenda,Godilington,wgodilington6s@illinois.edu,249,2021-03,B8
1005203,1495,Edsel,Prazer,eprazer6t@over-blog.com,291,2021-08,B8
1870489,1348,Kaiser,Tremelling,ktremelling6u@opensource.org,285,2021-08,A1
1739866,1201,Wright,Poley,wpoley6v@hao123.com,52,2021-08,A3
1052241,1291,Constantine,Moodie,cmoodie6w@irs.gov,225,2021-03,A0
1361640,1468,Pace,Georgievski,pgeorgievski6x@google.es,220,2021-03,B1
1147860,1273,Fernando,Shoreson,fshoreson6y@uiuc.edu,142,2021-08,B6
1690155,1485,Lilia,Brettel,lbrettel6z@irs.gov,156,2022-01,A5
1186746,1161,Briggs,Sansum,bsansum70@prlog.org,147,2021-08,B7
1302908,1305,Adolphe,Bier,abier71@ox.ac.uk,256,2021-11,B6
1111507,1316,Gaby,McPhilemy,gmcphilemy72@tiny.cc,251,2022-02,B1
1365811,1446,Dermot,Preon,dpreon73@chicagotribune.com,78,2021-08,A3
1792495,1175,Gaby,Wadman,gwadman74@com.com,63,2021-07,B6
1874296,1177,Dolf,Radleigh,dradleigh75@histats.com,239,2021-08,B7
1978387,1024,Phebe,Fawke,pfawke76@dot.gov,112,2022-01,B9
1328830,1088,Corrie,Balm,cbalm77@google.nl,291,2021-06,A3
1577301,1481,Linet,Pendlebery,lpendlebery78@europa.eu,283,2021-11,A1
1960292,1231,Eula,Poutress,epoutress79@omniture.com,213,2021-10,B8
1471870,1240,Dyann,Winham,dwinham7a@house.gov,154,2021-10,B8
1490334,1177,Gwyneth,Meaker,gmeaker7b@github.io,278,2021-08,B9
1176635,1172,Alexandra,Clementel,aclementel7c@behance.net,150,2022-01,A3
1474619,1087,Sindee,Osmund,sosmund7d@home.pl,186,2021-11,B7
1974448,1004,Lorry,Litchfield,llitchfield7e@deviantart.com,237,2021-07,A2
1084913,1309,Gustie,Chagg,gchagg7f@state.tx.us,87,2021-09,A5
1094299,1020,Eddie,Albany,ealbany7g@jigsy.com,153,2021-12,B1
1720374,1095,Adaline,Eassom,aeassom7h@cbsnews.com,227,2021-04,A8
1551994,1127,Rafaelia,Ellingham,rellingham7i@ameblo.jp,150,2021-05,B2
1281054,1483,Georgia,McNevin,gmcnevin7j@4shared.com,249,2021-03,B0
1602116,1418,Jenilee,Storrock,jstorrock7k@stanford.edu,187,2021-05,A7
1256306,1210,Lanita,Gillon,lgillon7l@chron.com,265,2021-07,B1
1087407,1296,Halette,Beastall,hbeastall7m@dot.gov,210,2021-02,B6
1425937,1170,Garwood,Heikkinen,gheikkinen7n@purevolume.com,189,2022-01,A6
1811655,1392,Julita,Daykin,jdaykin7o@youku.com,147,2022-02,B3
1418187,1079,Ronalda,Lavalde,rlavalde7p@oaic.gov.au,220,2021-02,B4
1317811,1315,Cody,O'Leahy,coleahy7q@patch.com,233,2021-03,A2
1782428,1264,Collette,MacGorman,cmacgorman7r@drupal.org,290,2021-12,B4
1103842,1474,Rheta,Pitkins,rpitkins7s@jimdo.com,239,2021-07,A8
1851110,1229,Lucita,Timmons,ltimmons7t@msu.edu,182,2021-03,A2
1255358,1301,Bertha,Tansey,btansey7u@nymag.com,198,2021-11,A5
1870283,1486,Mason,Unitt,munitt7v@usgs.gov,210,2021-11,A7
1482339,1239,Jacinta,Whittington,jwhittington7w@google.com.br,113,2021-10,A5
1653274,1277,Sherlocke,Gallardo,sgallardo7x@wikimedia.org,138,2022-01,B7
1070711,1151,Jourdan,Dorling,jdorling7y@last.fm,148,2021-07,B8
1941543,1362,Lawton,Eggins,leggins7z@house.gov,213,2022-02,B4
1260568,1226,Saidee,Poppy,spoppy80@prnewswire.com,79,2021-09,A8
1764054,1358,Sansone,Rockliffe,srockliffe81@sciencedirect.com,289,2021-12,B5
1911614,1270,Gena,Giorio,ggiorio82@cbslocal.com,251,2022-01,B3
1295067,1115,Pauline,Vallens,pvallens83@bing.com,125,2021-11,B1
1201148,1449,Berk,Girardot,bgirardot84@webnode.com,221,2021-06,B0
1523146,1114,Aila,Nani,anani85@unicef.org,74,2021-09,B2
1593398,1043,Ruggiero,Abby,rabby86@sciencedirect.com,120,2021-06,B2
1954200,1347,Byrann,Berrygun,bberrygun87@furl.net,283,2021-08,B3
1160505,1180,Berrie,Baylis,bbaylis88@hc360.com,63,2022-02,A1
1373209,1336,Audry,Rosenbaum,arosenbaum89@economist.com,99,2021-02,A6
1914217,1179,Hortense,Taile,htaile8a@clickbank.net,151,2021-03,B8
1729129,1409,Corina,Negro,cnegro8b@discuz.net,152,2021-03,A0
1171610,1312,Lula,Wrinch,lwrinch8c@clickbank.net,169,2021-12,A9
1913393,1356,Cristy,Dickenson,cdickenson8d@tmall.com,274,2022-01,A5
1852350,1120,Kent,Skells,kskells8e@cocolog-nifty.com,254,2021-02,A8
1234386,1401,Zach,Cottis,zcottis8f@msu.edu,227,2021-06,A9
1191836,1444,Imojean,Barby,ibarby8g@1und1.de,84,2021-05,B3
1221753,1247,Bradly,Tireman,btireman8h@oaic.gov.au,199,2022-02,B0
1489766,1040,Bren,Pheasey,bpheasey8i@tamu.edu,269,2021-09,A4
1799904,1371,Kathi,Ivanenkov,kivanenkov8j@ox.ac.uk,116,2022-01,B7
1352572,1081,Yurik,Savill,ysavill8k@spotify.com,300,2021-04,A3
1376686,1485,Isahella,Venning,ivenning8l@engadget.com,92,2021-08,A9
1814406,1396,Benetta,O'Gorman,bogorman8m@lycos.com,102,2021-04,B0
1504892,1398,Leland,Finders,lfinders8n@qq.com,164,2021-11,A2
1884041,1337,Ange,Gouldstone,agouldstone8o@bbb.org,240,2022-01,A7
1843477,1112,Amity,Fieller,afieller8p@globo.com,235,2021-12,A1
1121310,1016,Annabal,Clineck,aclineck8q@t-online.de,156,2021-07,A1
1821087,1291,Lacy,Guiton,lguiton8r@google.pl,292,2021-03,B8
1914868,1483,Hillary,Ciardo,hciardo8s@jalbum.net,70,2021-05,A5
1701433,1143,Reynold,Barkess,rbarkess8t@goodreads.com,210,2021-06,B3
1852842,1010,Annaliese,Bales,abales8u@guardian.co.uk,239,2021-07,B1
1167918,1080,Elayne,Scintsbury,escintsbury8v@shinystat.com,296,2021-03,B1
1298303,1072,Babb,Clynmans,bclynmans8w@flickr.com,169,2021-06,A2
1794137,1017,Deidre,Zute,dzute8x@typepad.com,153,2021-04,B2
1480610,1468,Rustie,Rainey,rrainey8y@icio.us,252,2021-12,A2
1234960,1253,Starlin,Valentino,svalentino8z@guardian.co.uk,277,2021-02,A0
1148346,1038,Lexy,Rawson,lrawson90@rambler.ru,214,2022-01,A9
1151459,1141,Karita,Digman,kdigman91@army.mil,286,2021-11,A8
1783598,1450,Knox,Clac,kclac92@jigsy.com,240,2022-01,A0
1167100,1302,Florri,Gadman,fgadman93@businessweek.com,87,2021-06,A7
1209317,1161,Forbes,Grogona,fgrogona94@creativecommons.org,200,2021-09,A5
1045836,1312,Jordana,Bavester,jbavester95@uiuc.edu,128,2021-05,B4
1756980,1360,Mark,Farnhill,mfarnhill96@vk.com,92,2021-03,B3
1462942,1119,Orin,Burniston,oburniston97@joomla.org,233,2021-05,B4
1404093,1159,Honor,Hanigan,hhanigan98@over-blog.com,64,2021-06,B8
1476899,1274,Enrico,Kibby,ekibby99@google.fr,101,2021-12,B5
1643995,1386,Emili,Gateley,egateley9a@wordpress.org,74,2021-05,A4
1451305,1434,Gamaliel,Sangra,gsangra9b@bloomberg.com,286,2021-03,B6
1803165,1158,Burnard,Gormally,bgormally9c@stumbleupon.com,300,2022-01,A1
1651890,1215,Bibbie,Gripton,bgripton9d@answers.com,161,2021-06,A3
1975875,1110,Lanita,Pollitt,lpollitt9e@ox.ac.uk,111,2021-02,A1
1846104,1454,Donna,Bruyet,dbruyet9f@cdbaby.com,101,2021-08,A5
1300859,1079,Niko,Stammler,nstammler9g@mozilla.com,102,2021-10,B7
1411063,1331,Fidelity,Newark,fnewark9h@cisco.com,187,2021-11,B6
1587627,1200,Elisabeth,Novak,enovak9i@apple.com,110,2021-11,A7
1608743,1438,Garth,Parmley,gparmley9j@google.cn,296,2021-09,A2
1929873,1326,Francisca,Santen,fsanten9k@abc.net.au,269,2021-02,A0
1280583,1343,Red,Huyge,rhuyge9l@mit.edu,140,2021-02,A3
1221255,1117,Sophronia,Pollock,spollock9m@examiner.com,231,2021-10,A4
1738565,1273,Janeva,Hunte,jhunte9n@timesonline.co.uk,166,2021-10,B8
1117166,1161,Loleta,Knatt,lknatt9o@cloudflare.com,195,2022-01,A9
1517761,1307,Willi,Reims,wreims9p@ca.gov,129,2021-10,A7
1546446,1210,Orsola,Wile,owile9q@is.gd,209,2021-09,A2
1860998,1369,Walton,Spire,wspire9r@ask.com,237,2021-05,B2
1135823,1488,Arliene,Dumphry,adumphry9s@deliciousdays.com,175,2021-05,A9
1888248,1145,Worth,Leipelt,wleipelt9t@epa.gov,237,2021-10,B5
1276764,1044,Puff,Derrell,pderrell9u@cocolog-nifty.com,86,2021-07,B1
1119634,1212,Leese,Schonfelder,lschonfelder9v@tumblr.com,191,2022-02,B1
1062068,1107,Shel,Braley,sbraley9w@umn.edu,54,2022-01,A1
1172531,1142,Martie,Ccomini,mccomini9x@networksolutions.com,167,2021-09,B4
1475870,1203,Shena,Sixsmith,ssixsmith9y@livejournal.com,159,2021-08,A8
1994180,1086,Consuela,Goricke,cgoricke9z@slate.com,175,2021-08,A5
1527412,1004,Babbette,Coniff,bconiffa0@who.int,51,2021-07,A5
1628889,1120,Ninetta,Booeln,nbooelna1@imageshack.us,220,2021-02,A9
1890525,1006,Dene,Ridgewell,dridgewella2@multiply.com,229,2021-06,B8
1652329,1484,Karlotta,Davis,kdavisa3@earthlink.net,210,2021-10,B9
1599174,1285,Bertha,Dreakin,bdreakina4@i2i.jp,269,2022-02,B3
1360772,1341,Morlee,Giovannardi,mgiovannardia5@seattletimes.com,184,2021-04,B7
1376408,1418,Delilah,Chantillon,dchantillona6@harvard.edu,188,2021-03,B2
1807806,1098,Cass,Hawthorn,chawthorna7@xing.com,167,2022-02,A7
1342702,1014,Benetta,Castella,bcastellaa8@elegantthemes.com,67,2021-09,A5
1385249,1373,Minny,Huburn,mhuburna9@yale.edu,80,2021-05,A3
1986400,1183,Daron,McCluskey,dmccluskeyaa@webmd.com,198,2022-01,B8
1164195,1494,Heinrik,Fasson,hfassonab@bigcartel.com,205,2021-03,A0
1091826,1420,Donielle,Polotti,dpolottiac@barnesandnoble.com,228,2022-01,B4
1870198,1416,Vere,Keady,vkeadyad@google.fr,89,2021-12,B3
1172936,1195,Nettle,Lashford,nlashfordae@mashable.com,135,2021-07,B5
1934700,1481,Sherm,Trever,streveraf@dot.gov,90,2021-07,A5
1175881,1079,Sorcha,Foch,sfochag@google.co.uk,80,2021-05,B6
1146080,1104,Hebert,Helversen,hhelversenah@linkedin.com,271,2021-04,B6
1385816,1039,Aguie,Oxbe,aoxbeai@blog.com,142,2021-03,A2
1811706,1398,Vladamir,Wickliffe,vwickliffeaj@imageshack.us,73,2022-01,B2
1559118,1085,Mikel,Kobel,mkobelak@samsung.com,159,2021-06,B7
1920295,1060,Dionysus,Raiston,draistonal@behance.net,114,2021-05,A7
1067026,1389,Germain,Stripling,gstriplingam@blogger.com,138,2021-07,B3
1813129,1385,Odella,Spire,ospirean@ameblo.jp,244,2021-09,A2
1608437,1484,Dehlia,Fowles,dfowlesao@comsenz.com,159,2021-07,B8
1895841,1009,Moss,McGaugan,mmcgauganap@bigcartel.com,273,2022-02,B4
1194509,1364,Alphard,Baily,abailyaq@ehow.com,100,2021-04,A3
1778471,1475,Agneta,Prevett,aprevettar@joomla.org,96,2021-10,A7
1788071,1141,Claudie,Budgey,cbudgeyas@forbes.com,91,2021-06,A6
1629732,1365,Koenraad,Dowderswell,kdowderswellat@posterous.com,205,2021-04,A0
1408280,1119,Jocelyn,Beazleigh,jbeazleighau@e-recht24.de,93,2021-11,B7
1656584,1332,Cherey,Compfort,ccompfortav@cdc.gov,184,2021-06,B6
1946984,1134,Alano,Beldon,abeldonaw@mozilla.com,184,2021-05,A6
1253569,1162,Rori,Moffett,rmoffettax@hubpages.com,299,2021-03,B8
1051893,1446,Hastie,Adamolli,hadamolliay@constantcontact.com,143,2021-09,A1
1646055,1169,Rodolph,Anthoin,ranthoinaz@purevolume.com,199,2022-02,B7
1204228,1474,Alvin,Carbonell,acarbonellb0@pbs.org,134,2021-09,B7
1705171,1034,Jade,Applewhaite,japplewhaiteb1@telegraph.co.uk,272,2021-11,B6
1487455,1015,Tad,Franzke,tfranzkeb2@list-manage.com,165,2021-10,B2
1418203,1123,Leisha,Goodliffe,lgoodliffeb3@1und1.de,171,2021-10,B6
1554902,1413,Lanie,Voisey,lvoiseyb4@fotki.com,291,2022-02,A6
1212810,1038,Everett,Hought,ehoughtb5@sfgate.com,101,2022-01,A3
1224593,1367,Chaddy,Ing,cingb6@jiathis.com,152,2021-12,A3
1238468,1099,Pearl,Yitzhakov,pyitzhakovb7@webnode.com,99,2021-07,B5
1093341,1279,Vivie,Mation,vmationb8@ibm.com,115,2021-08,A1
1251654,1373,Ozzie,Chaloner,ochalonerb9@earthlink.net,89,2021-12,B9
1184382,1121,Russell,Worsfold,rworsfoldba@apple.com,129,2021-04,B3
1864374,1232,Ddene,Obern,dobernbb@newyorker.com,205,2021-03,B6
1322050,1341,Audrie,Henkmann,ahenkmannbc@ca.gov,151,2021-02,B2
1896602,1288,Federico,Sanpher,fsanpherbd@privacy.gov.au,246,2022-02,B9
1794957,1185,Melisent,Metrick,mmetrickbe@dedecms.com,211,2021-06,A6
1026534,1113,Moore,Stanett,mstanettbf@arizona.edu,79,2021-06,A8
1151081,1350,Riccardo,Corney,rcorneybg@imgur.com,77,2021-11,B0
1371240,1334,Leupold,Larvin,llarvinbh@exblog.jp,157,2022-02,A4
1453349,1425,Lizette,Hedley,lhedleybi@weather.com,233,2021-07,B3
1203975,1357,Lesly,Baytrop,lbaytropbj@desdev.cn,269,2021-04,B8
1906355,1160,Nelia,Dake,ndakebk@xinhuanet.com,207,2021-12,B4
1370155,1127,Ray,Ockleshaw,rockleshawbl@smh.com.au,277,2021-11,B5
1523151,1190,Mayor,Duffyn,mduffynbm@google.co.uk,227,2022-02,A8
1969881,1138,Berrie,O'Concannon,boconcannonbn@qq.com,203,2021-02,B1
1742508,1359,Hana,Jaquet,hjaquetbo@archive.org,109,2021-10,B1
1071703,1471,Shea,Yeudall,syeudallbp@netscape.com,259,2021-07,A6
1587409,1489,Marylin,Bennetto,mbennettobq@myspace.com,242,2021-09,B8
1068910,1313,Babbette,Tims,btimsbr@homestead.com,245,2021-02,A4
1549301,1122,L;urette,McGeady,lmcgeadybs@themeforest.net,244,2021-03,B7
1146513,1217,Baxter,Trewartha,btrewarthabt@ovh.net,142,2022-01,A7
1505622,1064,Arley,Gurdon,agurdonbu@weibo.com,233,2021-02,A6
1392590,1261,Hollis,Shakespear,hshakespearbv@amazonaws.com,182,2021-09,B0
1617959,1367,Georgetta,Dutson,gdutsonbw@webeden.co.uk,169,2021-07,B9
1955055,1221,Winslow,Sevitt,wsevittbx@edublogs.org,67,2021-06,B9
1219689,1347,Bibi,Tattershall,btattershallby@dagondesign.com,70,2022-02,A6
1409001,1481,Tabatha,Pettiford,tpettifordbz@gnu.org,78,2021-06,A1
1624838,1091,Carree,Degue,cdeguec0@mayoclinic.com,195,2021-06,B5
1510946,1097,Alric,Parfitt,aparfittc1@sfgate.com,183,2021-12,A6
1970319,1242,Reeva,Elderbrant,relderbrantc2@ask.com,255,2022-01,A7
1181271,1324,Carolee,Lynd,clyndc3@blogger.com,80,2021-09,A4
1948343,1414,Kristan,Bilsborrow,kbilsborrowc4@vkontakte.ru,222,2021-09,A8
1781031,1083,Ferguson,Antwis,fantwisc5@tripadvisor.com,61,2021-09,B7
1241607,1131,Lucila,Skuse,lskusec6@forbes.com,151,2021-05,B6
1663270,1337,Emmye,Waszkiewicz,ewaszkiewiczc7@ameblo.jp,134,2021-03,B6
1398834,1439,Peggie,Teare,ptearec8@mlb.com,52,2021-09,B9
1833953,1070,Clerissa,Haucke,chauckec9@csmonitor.com,231,2021-03,A4
1004906,1275,Jennette,Chater,jchaterca@usnews.com,89,2021-07,A4
1998108,1188,Kathryne,Manolov,kmanolovcb@sciencedirect.com,114,2021-05,B7
1075911,1118,Tobiah,Malham,tmalhamcc@unicef.org,131,2021-08,B7
1409117,1121,Ferdie,Lorente,florentecd@purevolume.com,241,2021-02,B1
1861722,1291,Krystalle,Nisuis,knisuisce@photobucket.com,221,2021-06,A2
1580123,1225,Bryn,Bothbie,bbothbiecf@ask.com,123,2021-07,A5
1890505,1274,Marchelle,Harte,mhartecg@ezinearticles.com,109,2022-01,B7
1013612,1471,Nadine,Birdall,nbirdallch@reuters.com,90,2022-01,B4
1991282,1140,Wilhelmina,Zoephel,wzoephelci@sciencedaily.com,69,2021-10,A4
1272756,1045,Meyer,Dukelow,mdukelowcj@cyberchimps.com,71,2021-09,B0
1086318,1267,Silvanus,Waye,swayeck@list-manage.com,105,2021-08,A6
1893100,1401,Ted,Verheyden,tverheydencl@go.com,202,2022-02,B2
1806385,1491,Shirlene,Sentance,ssentancecm@skyrock.com,56,2021-08,B4
1743902,1033,Wanda,Cressingham,wcressinghamcn@php.net,150,2021-07,B0
1060038,1133,Idelle,Sidebottom,isidebottomco@hibu.com,66,2021-07,A7
1053475,1074,Booth,Pluck,bpluckcp@phpbb.com,152,2021-08,B0
1349317,1451,Fredrick,Kesper,fkespercq@cnet.com,117,2021-07,A1
1359925,1396,Zia,Houndson,zhoundsoncr@imageshack.us,86,2021-05,B0
1680260,1281,Lanny,Filkov,lfilkovcs@house.gov,209,2022-02,A7
1920386,1440,Myrtie,Postance,mpostancect@oakley.com,61,2022-01,A5
1257417,1420,Rudolf,MacSween,rmacsweencu@jimdo.com,78,2022-02,B4
1629677,1318,Taffy,Bromhead,tbromheadcv@marriott.com,199,2021-08,B9
1110742,1254,Sean,Croker,scrokercw@wp.com,61,2021-06,A5
1057781,1007,Jemima,McTaggart,jmctaggartcx@ow.ly,99,2021-04,B3
1923988,1093,Dulci,Davidesco,ddavidescocy@wired.com,212,2022-02,B5
1988548,1184,Glynn,Kaasman,gkaasmancz@nsw.gov.au,132,2021-11,B3
1595528,1066,Bing,Emblem,bemblemd0@ihg.com,123,2022-01,A4
1584771,1188,Royall,Illingsworth,rillingsworthd1@arstechnica.com,270,2021-08,B4
1949945,1464,Lauralee,Stollberg,lstollbergd2@360.cn,161,2021-03,B9
1021375,1060,Jennine,Shannahan,jshannahand3@weibo.com,136,2021-11,B9
1714701,1244,Artemus,Cleaveland,acleavelandd4@dion.ne.jp,124,2021-12,A2
1242532,1345,Boonie,Dedney,bdedneyd5@netvibes.com,278,2021-02,A7
1905164,1029,Tiertza,Tramel,ttrameld6@state.gov,149,2021-10,A7
1852068,1237,Elsbeth,Fowell,efowelld7@cdbaby.com,119,2021-05,B8
1321783,1300,Vernon,Darling,vdarlingd8@purevolume.com,279,2021-12,B7
1213029,1393,Lorrie,Lavallin,llavallind9@digg.com,228,2021-11,B0
1101795,1490,Kirk,Doe,kdoeda@fc2.com,206,2021-02,B7
1096164,1229,Rowena,Greenlies,rgreenliesdb@jalbum.net,118,2021-10,A4
1949427,1134,Bronnie,Bussel,bbusseldc@youtu.be,112,2021-12,A7
1021357,1290,Kennith,Swan,kswandd@auda.org.au,120,2021-07,B9
1093064,1441,Sarene,Creigan,screigande@earthlink.net,133,2022-02,B6
1727773,1032,Annalee,Carlino,acarlinodf@wix.com,60,2021-09,B9
1178882,1287,Olivier,McKeown,omckeowndg@addtoany.com,176,2021-07,A2
1786968,1314,Quinn,Yonnie,qyonniedh@businesswire.com,250,2021-06,B8
1760528,1464,Janek,Reddington,jreddingtondi@51.la,282,2021-04,A6
1079706,1438,Hakeem,MacNeilage,hmacneilagedj@soundcloud.com,126,2022-01,B0
1505069,1064,Romonda,Redding,rreddingdk@si.edu,101,2021-10,B8
1111629,1459,Vitoria,Pinnock,vpinnockdl@ucoz.ru,266,2021-07,A2
1777418,1495,Padraic,Duerden,pduerdendm@ox.ac.uk,300,2021-03,B8
1990981,1490,Katrina,Tweedie,ktweediedn@state.tx.us,292,2021-08,B6
1516221,1399,Sherwood,Bonafant,sbonafantdo@usatoday.com,64,2021-08,A8
1476996,1287,Walliw,Arminger,warmingerdp@ihg.com,256,2021-04,B1
1123803,1224,Casar,Acom,cacomdq@discovery.com,97,2021-03,B9
1728706,1385,Thomasina,Kerrigan,tkerrigandr@macromedia.com,105,2021-10,B4
1312721,1073,Elisha,Gorbell,egorbellds@plala.or.jp,224,2021-04,A7
1578039,1049,Ermengarde,Gilson,egilsondt@dot.gov,180,2021-06,A7
1727507,1211,Leroi,Khoter,lkhoterdu@dell.com,221,2021-12,B1
1059515,1299,Beverly,Kubacek,bkubacekdv@acquirethisname.com,145,2021-06,A6
1514720,1371,De,Robb,drobbdw@yandex.ru,270,2021-12,A4
1717542,1243,Lance,Burgher,lburgherdx@reddit.com,138,2021-12,B3
1108082,1186,Dorie,Jaynes,djaynesdy@engadget.com,287,2021-12,A9
1310247,1446,Chic,Leisk,cleiskdz@shareasale.com,279,2021-03,B6
1125217,1358,Elysia,Hendrich,ehendriche0@bloglines.com,227,2021-12,A5
1342831,1302,Christoper,Tallent,ctallente1@taobao.com,55,2021-05,A5
1919284,1485,Bunnie,Mattheissen,bmattheissene2@dropbox.com,73,2021-05,B5
1157349,1183,Leann,Maiden,lmaidene3@comcast.net,202,2022-01,B8
1921263,1406,Kally,Grieveson,kgrievesone4@privacy.gov.au,287,2022-01,A0
1210231,1389,Susan,Brimblecombe,sbrimblecombee5@nydailynews.com,286,2021-04,B2
1180235,1490,Teresita,Catlow,tcatlowe6@google.nl,146,2021-05,B4
1149722,1336,Haywood,Pistol,hpistole7@taobao.com,136,2021-03,A1
1048448,1169,Kath,Bodesson,kbodessone8@mtv.com,178,2021-12,B5
1629104,1130,Renie,Ubsdale,rubsdalee9@icio.us,181,2021-05,A0
1891576,1037,Monique,Hebden,mhebdenea@lycos.com,146,2021-06,A6
1375617,1206,Aile,Northrop,anorthropeb@tumblr.com,241,2021-07,A7
1270733,1134,Daisey,Ealden,dealdenec@ucsd.edu,162,2021-07,A4
1464902,1160,Raleigh,Goroni,rgoronied@msu.edu,69,2021-02,A2
1168085,1445,Terrie,Schade,tschadeee@jimdo.com,136,2021-06,A7
1724891,1482,Quintin,MacGinlay,qmacginlayef@tinypic.com,167,2021-05,B1
1434189,1120,Mal,Eickhoff,meickhoffeg@sfgate.com,128,2021-03,A7
1717509,1229,Sandie,Scanlan,sscanlaneh@mozilla.org,241,2021-11,B1
1843924,1367,Locke,Villalta,lvillaltaei@dyndns.org,89,2021-08,A8
1780947,1243,Elli,Lesper,elesperej@xing.com,108,2021-04,B1
1863817,1440,Blakelee,LAbbet,blabbetek@a8.net,89,2021-11,A7
1037801,1276,Ellswerth,Boulstridge,eboulstridgeel@friendfeed.com,280,2022-01,B5
1708309,1376,Eldin,Tregea,etregeaem@washingtonpost.com,112,2021-05,B5
1690003,1087,Lorenzo,Brede,lbredeen@diigo.com,205,2021-11,B5
1695205,1241,Wyn,Ettels,wettelseo@mashable.com,91,2021-07,A0
1582512,1111,Reid,Binley,rbinleyep@gravatar.com,55,2022-01,A8
1528228,1092,Gil,Maccaig,gmaccaigeq@adobe.com,258,2022-02,B9
1850766,1074,Magdalene,Lovett,mlovetter@netlog.com,138,2021-11,A9
1539859,1447,Violette,Durber,vdurberes@vk.com,123,2021-08,A5
1737967,1210,Yetta,Bullick,ybullicket@joomla.org,56,2021-02,B6
1150730,1383,Delano,Hollyer,dhollyereu@tinypic.com,236,2022-02,A3
1416070,1458,Janean,Maccrie,jmaccrieev@github.com,90,2021-09,A7
1871975,1480,Arnie,Tollet,atolletew@yellowbook.com,151,2022-01,B0
1569681,1042,Wolfgang,Witcherley,wwitcherleyex@pinterest.com,192,2022-01,A4
1850915,1384,Austin,Bendon,abendoney@jimdo.com,105,2021-08,B6
1579383,1249,Torrie,Pinchbeck,tpinchbeckez@skyrock.com,205,2021-05,B8
1083715,1161,Caresa,Deetlefs,cdeetlefsf0@nasa.gov,246,2021-06,B8
1508555,1225,Janna,McShee,jmcsheef1@mlb.com,244,2021-06,A0
1170405,1222,Maryellen,Eloy,meloyf2@wsj.com,172,2022-01,B7
1264230,1134,Anne,Tetla,atetlaf3@nba.com,184,2021-05,B0
1351250,1043,Dorie,Kohlerman,dkohlermanf4@artisteer.com,184,2022-01,A2
1591235,1497,Raffaello,Creyke,rcreykef5@earthlink.net,82,2021-11,B5
1450418,1396,Marten,Lilleman,mlillemanf6@aol.com,218,2022-01,B2
1894680,1477,Georgiana,Ubsdell,gubsdellf7@xing.com,229,2021-07,A9
1028179,1040,Daria,Maith,dmaithf8@digg.com,62,2022-01,B4
1329512,1451,Tulley,Shewery,tsheweryf9@cloudflare.com,128,2021-06,A1
1901803,1035,Blakeley,Markel,bmarkelfa@unicef.org,168,2021-06,B7
1860157,1022,Beverlie,Batty,bbattyfb@weebly.com,116,2021-12,B1
1475399,1289,Bradford,Lyosik,blyosikfc@amazon.co.jp,58,2021-06,B7
1745307,1209,Ethe,Beresfore,eberesforefd@msn.com,91,2021-06,A7
1066973,1380,Chariot,Philcox,cphilcoxfe@nytimes.com,102,2021-12,B5
1026410,1209,Cassey,Maudsley,cmaudsleyff@reference.com,67,2022-01,B2
1654596,1228,Vanya,Easton,veastonfg@washingtonpost.com,167,2022-01,A1
1016503,1241,Veronike,Gration,vgrationfh@ibm.com,199,2021-06,A7
1805404,1179,Deina,Yirrell,dyirrellfi@nytimes.com,233,2021-04,A3
1668709,1445,Janine,Tift,jtiftfj@army.mil,138,2021-02,B5
1839414,1372,Stanislaus,Ashwood,sashwoodfk@sogou.com,265,2021-10,B0
1173272,1298,Reece,Honsch,rhonschfl@vkontakte.ru,230,2022-01,B7
1598503,1334,Pauletta,Basillon,pbasillonfm@jigsy.com,101,2021-09,A2
1189924,1445,Latashia,Sanja,lsanjafn@nymag.com,136,2021-05,B4
1208010,1339,Marybelle,Fibben,mfibbenfo@discovery.com,263,2021-06,A1
1956836,1435,Lazare,Rosedale,lrosedalefp@cocolog-nifty.com,157,2021-12,B8
1749474,1402,Damita,Ferro,dferrofq@buzzfeed.com,190,2021-10,B3
1314369,1036,Mohammed,Bilborough,mbilboroughfr@soundcloud.com,143,2021-03,A0
1288145,1012,Helyn,Lambot,hlambotfs@yellowbook.com,148,2021-02,A8
1977342,1349,Margaux,O'Lochan,molochanft@squidoo.com,268,2021-03,B3
1302430,1405,Zsazsa,Judkin,zjudkinfu@arstechnica.com,179,2021-06,A6
1779616,1142,Edgardo,Thurgood,ethurgoodfv@ca.gov,86,2021-05,A0
1930524,1424,Billy,Steinson,bsteinsonfw@epa.gov,248,2021-03,A7
1569803,1281,Waylin,Baysting,wbaystingfx@goo.ne.jp,162,2021-09,A2
1013365,1222,Ingeberg,Nellies,inelliesfy@is.gd,246,2021-02,B5
1060597,1186,Toddie,Byllam,tbyllamfz@hao123.com,211,2021-09,A1
1023918,1170,Maurits,Kremer,mkremerg0@mtv.com,272,2021-11,B9
1840630,1439,Korney,Mallinder,kmallinderg1@meetup.com,281,2021-09,B7
1678807,1403,Sydel,Bignell,sbignellg2@mac.com,146,2021-04,A2
1603087,1042,Louie,Banasevich,lbanasevichg3@bloglovin.com,153,2021-09,B5
1376234,1458,Ximenes,Amott,xamottg4@twitter.com,215,2021-03,A5
1171334,1299,Denis,Carrabott,dcarrabottg5@slate.com,209,2022-02,B7
1563466,1490,Jeremy,Dowdney,jdowdneyg6@seattletimes.com,224,2021-05,B0
1073688,1327,Timothee,Acom,tacomg7@multiply.com,275,2022-02,B0
1568209,1335,Vachel,Grindell,vgrindellg8@privacy.gov.au,106,2021-02,A9
1135684,1190,Germana,de Lloyd,gdelloydg9@cnn.com,51,2021-02,B6
1919737,1062,Friedrick,Fallowes,ffallowesga@netlog.com,126,2021-02,B3
1710211,1181,Daphna,Voisey,dvoiseygb@amazon.de,201,2021-05,B3
1671648,1160,Mella,Goschalk,mgoschalkgc@mtv.com,72,2021-07,A4
1187076,1051,Edlin,Lorinez,elorinezgd@domainmarket.com,273,2021-12,A2
1270013,1010,Kelila,Grinyakin,kgrinyakinge@nydailynews.com,153,2021-08,B2
1177860,1290,Dyann,Seneschal,dseneschalgf@ted.com,179,2021-12,A4
1369264,1267,Kaiser,Purdey,kpurdeygg@i2i.jp,137,2021-12,A9
1211113,1156,Garrott,Sharville,gsharvillegh@time.com,260,2021-04,A1
1293561,1236,Susette,McWaters,smcwatersgi@indiegogo.com,271,2021-12,A6
1459937,1267,Margarete,Lyptratt,mlyptrattgj@foxnews.com,165,2021-10,B5
1271753,1321,Ansley,Fleay,afleaygk@amazon.com,264,2021-12,A1
1319047,1049,Suzann,Croker,scrokergl@feedburner.com,73,2021-02,A2
1464045,1202,Pietrek,Coysh,pcoyshgm@jigsy.com,143,2021-07,B0
1903064,1128,Maryjo,Nacci,mnaccign@zimbio.com,175,2021-10,A6
1534795,1023,Carolina,Orleton,corletongo@about.me,284,2021-12,B6
1805008,1067,Kacie,Abrams,kabramsgp@hud.gov,106,2021-03,A6
1255303,1495,Blane,D'Andrea,bdandreagq@dion.ne.jp,187,2021-04,A4
1155811,1005,Lela,Gentzsch,lgentzschgr@moonfruit.com,75,2021-03,A9
1890134,1370,Orbadiah,De Filippi,odefilippigs@vimeo.com,192,2021-03,A8
1075759,1280,Arron,Plues,apluesgt@psu.edu,232,2022-01,A7
1247185,1337,Ulric,Pernell,upernellgu@tinyurl.com,110,2021-02,A5
1209716,1495,Dulsea,Verrechia,dverrechiagv@ihg.com,203,2021-08,B9
1880647,1390,Lamond,Hellwich,lhellwichgw@comcast.net,165,2021-05,A6
1272906,1000,Calli,Tees,cteesgx@latimes.com,105,2021-05,A2
1552511,1255,Tricia,Feehery,tfeeherygy@globo.com,188,2021-04,A8
1977427,1075,Alisha,Matteotti,amatteottigz@last.fm,64,2021-06,B5
1278775,1379,Cordy,Bloggett,cbloggetth0@nymag.com,240,2022-01,B3
1348819,1439,Clemmy,Weeden,cweedenh1@instagram.com,292,2021-11,A2
1234109,1164,Merissa,Tettley,mtettleyh2@hostgator.com,71,2021-03,B4
1956847,1090,Sarena,Burnitt,sburnitth3@ning.com,180,2022-02,A1
1857701,1413,Corbett,Tuckett,ctucketth4@reference.com,140,2021-11,B4
1754956,1112,Billye,Avramovich,bavramovichh5@naver.com,150,2021-11,B1
1616421,1341,Kissie,Mantram,kmantramh6@washington.edu,97,2021-11,B5
1949172,1348,Beverley,Marple,bmarpleh7@google.pl,119,2021-12,B2
1764489,1138,Ailis,Klampt,aklampth8@google.co.uk,236,2021-08,B4
1715906,1020,Alfy,Egger,aeggerh9@desdev.cn,170,2021-05,B6
1941924,1132,Tonia,Jerzycowski,tjerzycowskiha@seattletimes.com,299,2021-04,B1
1029460,1417,Elmo,Hulme,ehulmehb@godaddy.com,281,2021-04,A1
1560428,1007,Siegfried,McCooke,smccookehc@examiner.com,93,2021-11,A1
1963531,1374,Giustino,Buff,gbuffhd@archive.org,54,2021-12,A6
1321612,1155,Christian,McMains,cmcmainshe@ft.com,260,2022-01,B5
1875577,1222,Barbara-anne,Kleyn,bkleynhf@unblog.fr,295,2022-02,A6
1376827,1053,Jerrylee,Anfonsi,janfonsihg@abc.net.au,80,2021-05,B2
1471713,1195,Georgetta,Tullett,gtulletthh@wunderground.com,249,2021-02,A2
1403435,1344,Miguela,Bembrick,mbembrickhi@geocities.com,219,2021-07,A2
1610599,1381,Corly,Pietruszka,cpietruszkahj@stanford.edu,104,2021-04,B2
1558572,1288,Lorry,Winspear,lwinspearhk@xinhuanet.com,266,2021-03,A1
1154924,1120,Windy,Trembley,wtrembleyhl@zimbio.com,84,2021-03,B9
1335589,1103,Kimmy,Cartwight,kcartwighthm@mit.edu,104,2021-09,B1
1496466,1391,Feliza,Bernardo,fbernardohn@whitehouse.gov,219,2021-07,A8
1566246,1205,Fraze,Gorring,fgorringho@livejournal.com,264,2021-02,A0
1613287,1447,Kennett,De Cruze,kdecruzehp@wsj.com,75,2021-02,A1
1714516,1038,Tally,McKeeman,tmckeemanhq@hibu.com,281,2021-05,B5
1786204,1235,Loree,Warbys,lwarbyshr@businessweek.com,88,2021-10,B4
1911293,1204,Lissy,Payn,lpaynhs@webeden.co.uk,170,2022-01,B9
1390958,1414,Berti,Wheaton,bwheatonht@hud.gov,193,2021-06,A8
1164797,1114,Alvis,Pawelec,apawelechu@phoca.cz,109,2021-12,A4
1766302,1405,Rosy,Laurenson,rlaurensonhv@163.com,51,2021-02,B1
1662482,1108,Ketti,Labin,klabinhw@seesaa.net,293,2021-09,A7
1024597,1031,Heather,Prose,hprosehx@cafepress.com,209,2021-03,A8
1342140,1322,Bary,Chessum,bchessumhy@cnbc.com,259,2022-01,A3
1224737,1100,Chico,Dunk,cdunkhz@ustream.tv,149,2021-07,B8
1630817,1159,Consalve,Grollmann,cgrollmanni0@tinyurl.com,86,2022-02,B9
1556284,1147,Matty,Schole,mscholei1@storify.com,55,2022-01,B9
1396158,1304,Mic,Marcombe,mmarcombei2@unicef.org,179,2021-04,A0
1387405,1344,Allyson,Isham,aishami3@1688.com,161,2021-04,A6
1262805,1119,Walliw,Goldthorpe,wgoldthorpei4@squarespace.com,122,2021-09,A4
1190183,1138,Kimbell,Alster,kalsteri5@sohu.com,69,2022-02,B9
1036421,1424,Abbye,Troubridge,atroubridgei6@techcrunch.com,177,2021-08,B6
1550606,1378,Glenna,Owenson,gowensoni7@phoca.cz,236,2022-02,B1
1617242,1254,Lind,MacAvddy,lmacavddyi8@list-manage.com,87,2021-12,B1
1317255,1459,Alano,Civitillo,acivitilloi9@tinyurl.com,85,2021-04,B2
1756398,1349,Stavro,Friedenbach,sfriedenbachia@over-blog.com,189,2021-11,A6
1493296,1269,Cristian,Summersby,csummersbyib@eepurl.com,256,2022-02,A0
1267739,1225,Ella,Celiz,ecelizic@oracle.com,171,2022-02,A5
1495979,1263,Madelina,Reggler,mregglerid@plala.or.jp,254,2021-12,B4
1873412,1204,Bonny,Thurling,bthurlingie@sfgate.com,219,2021-08,B2
1512860,1181,Joelie,Scarfe,jscarfeif@google.cn,269,2021-08,B3
1130014,1204,Tomasine,Crasford,tcrasfordig@tripadvisor.com,270,2021-05,B0
1893152,1458,Verile,Harmston,vharmstonih@photobucket.com,97,2022-01,A9
1952355,1453,Koral,Danbi,kdanbiii@w3.org,130,2022-02,B2
1216508,1222,Gisella,Trematick,gtrematickij@artisteer.com,70,2021-11,B8
1391158,1110,Harriette,Larimer,hlarimerik@blogtalkradio.com,149,2021-04,A8
1666669,1086,Judah,Barclay,jbarclayil@cmu.edu,53,2021-10,A9
1340352,1366,Rosmunda,Vanichkin,rvanichkinim@alexa.com,216,2021-03,B7
1700412,1399,Joann,Staining,jstainingin@tiny.cc,202,2021-08,A4
1057464,1213,Mychal,Gooderham,mgooderhamio@qq.com,141,2021-03,B4
1442321,1209,Ilyse,Chopy,ichopyip@state.tx.us,105,2021-04,A3
1567707,1497,Pierette,Lehrer,plehreriq@wikimedia.org,263,2022-01,B7
1803934,1140,Ernesto,Latore,elatoreir@mapy.cz,181,2021-04,A2
1745394,1198,Lotty,Dell Casa,ldellcasais@angelfire.com,202,2022-02,B4
1995735,1093,Merrick,Yakobovicz,myakoboviczit@independent.co.uk,82,2021-04,B9
1844728,1366,Stephani,Duffell,sduffelliu@sakura.ne.jp,199,2022-01,B2
1303323,1223,Gualterio,Fateley,gfateleyiv@alibaba.com,192,2021-02,B8
1321110,1083,Ted,Pomfret,tpomfretiw@samsung.com,210,2021-09,A2
1227545,1121,Brigg,Morbey,bmorbeyix@dropbox.com,64,2021-02,B3
1632674,1024,Devin,Pawsey,dpawseyiy@nymag.com,124,2021-06,B1
1301776,1124,Winnah,Laying,wlayingiz@myspace.com,56,2021-03,A3
1525153,1298,Dell,Labusquiere,dlabusquierej0@posterous.com,213,2022-02,B3
1471655,1485,Fionna,Jenik,fjenikj1@bbb.org,182,2021-11,B5
1220777,1026,Tristam,Weedenburg,tweedenburgj2@npr.org,182,2022-02,B1
1939835,1251,Ezequiel,Horning,ehorningj3@ask.com,133,2021-06,A3
1399754,1296,Pepillo,Chapell,pchapellj4@i2i.jp,255,2021-06,B2
1828437,1027,Tan,Wilce,twilcej5@buzzfeed.com,139,2022-01,A0
1404702,1020,Gabriel,Ormiston,gormistonj6@hostgator.com,130,2021-07,B2
1849118,1258,Rochell,Shavel,rshavelj7@github.io,256,2021-05,B1
1693658,1359,Malachi,Justham,mjusthamj8@umich.edu,185,2021-12,B3
1321337,1163,Bellanca,O'Fallowne,bofallownej9@reverbnation.com,69,2021-08,B5
1349825,1008,Deva,Laurenceau,dlaurenceauja@walmart.com,274,2021-07,A8
1877172,1298,Billie,Madoc-Jones,bmadocjonesjb@github.com,265,2021-10,B5
1028302,1034,Kingsly,Roistone,kroistonejc@mozilla.com,190,2021-05,A0
1758837,1444,Gabby,Malser,gmalserjd@japanpost.jp,220,2021-08,B6
1191087,1035,Ricki,Benko,rbenkoje@ycombinator.com,176,2021-04,A8
1828673,1037,Guy,Rustman,grustmanjf@storify.com,288,2021-04,A8
1384939,1334,Alfi,Anderton,aandertonjg@google.co.jp,217,2021-04,A8
1438736,1091,Tedmund,Gillibrand,tgillibrandjh@webeden.co.uk,181,2021-11,A7
1025513,1340,Kenn,Mewha,kmewhaji@dell.com,261,2021-03,B0
1381127,1473,Sammy,Dulson,sdulsonjj@photobucket.com,148,2021-04,A8
1088585,1411,Aura,Bariball,abariballjk@cyberchimps.com,171,2021-07,A9
1386597,1364,Celesta,Francais,cfrancaisjl@washingtonpost.com,72,2021-02,B7
1948269,1367,Myrvyn,Wombwell,mwombwelljm@aol.com,73,2021-11,B1
1571020,1328,Matty,Million,mmillionjn@blinklist.com,59,2022-02,B8
1508370,1297,Gracie,Wait,gwaitjo@mysql.com,71,2022-01,A9
1629270,1453,Ogdon,Peppett,opeppettjp@shinystat.com,53,2021-12,A8
1143401,1025,Deb,Pittock,dpittockjq@quantcast.com,146,2021-02,A1
1097555,1205,Korella,Carling,kcarlingjr@mtv.com,124,2021-12,B9
1562293,1022,Miller,Bolden,mboldenjs@php.net,114,2021-09,B7
1298687,1359,Shelia,Bullocke,sbullockejt@quantcast.com,232,2021-09,B0
1129507,1389,Yolande,Dooley,ydooleyju@netvibes.com,208,2021-02,B7
1566266,1250,Jennica,Fellis,jfellisjv@skype.com,241,2021-08,A5
1421050,1261,Jobyna,Menis,jmenisjw@google.com,122,2021-09,A4
1453840,1073,Elihu,Guiet,eguietjx@house.gov,289,2021-06,B4
1594180,1104,Harley,Halksworth,hhalksworthjy@cargocollective.com,271,2021-05,B4
1057660,1126,Marven,Mulqueen,mmulqueenjz@dedecms.com,237,2021-05,A4
1772010,1106,Lee,Guitel,lguitelk0@opera.com,136,2021-08,B3
1248181,1402,Peggi,Troke,ptrokek1@reference.com,100,2021-05,A8
1671111,1129,Vanessa,Gilbride,vgilbridek2@bravesites.com,160,2022-01,B5
1848333,1080,Deidre,Grebner,dgrebnerk3@amazon.co.uk,240,2021-09,B3
1207305,1477,Addison,Sinkins,asinkinsk4@unc.edu,129,2021-06,A7
1969911,1134,Claudius,Blouet,cblouetk5@huffingtonpost.com,247,2021-03,A8
1666002,1091,Cherie,Dungate,cdungatek6@kickstarter.com,150,2021-07,B6
1736671,1500,Paige,Van Rembrandt,pvanrembrandtk7@webeden.co.uk,100,2021-12,A9
1183348,1340,Nicolai,Scocroft,nscocroftk8@ifeng.com,191,2021-07,B0
1194054,1266,Ali,Forrington,aforringtonk9@posterous.com,198,2021-02,A4
1987977,1048,Catlaina,Finicj,cfinicjka@cloudflare.com,226,2021-12,A1
1704348,1341,Pier,Haversum,phaversumkb@fastcompany.com,118,2021-09,B0
1556706,1228,Erica,Tripony,etriponykc@newyorker.com,154,2021-10,B8
1144018,1057,Nanete,Dewan,ndewankd@reuters.com,183,2021-12,A3
1398661,1297,Waylen,Alessandrelli,walessandrellike@redcross.org,297,2021-04,B2
1496057,1099,Mandy,Petcher,mpetcherkf@sakura.ne.jp,118,2021-02,A0
1465161,1394,Trescha,Shuttle,tshuttlekg@usnews.com,192,2021-02,B3
1664875,1338,Denise,Hazeldean,dhazeldeankh@addtoany.com,81,2021-05,B3
1181277,1369,Tymothy,Piggins,tpigginski@nytimes.com,118,2021-02,A7
1547366,1009,Kelby,Lau,klaukj@themeforest.net,95,2021-06,A1
1853724,1150,Zack,Lagen,zlagenkk@prweb.com,67,2021-05,B6
1508461,1484,Symon,Seaton,sseatonkl@fema.gov,193,2021-06,B4
1680912,1437,Tisha,Toolin,ttoolinkm@123-reg.co.uk,261,2021-08,B1
1557621,1451,Isacco,Austins,iaustinskn@canalblog.com,80,2021-05,A1
1053995,1462,Kial,Worsell,kworsellko@dyndns.org,178,2021-08,B7
1390731,1168,Clint,Hubery,chuberykp@ca.gov,74,2021-02,B3
1810523,1013,Janeta,Gilffilland,jgilffillandkq@dailymail.co.uk,244,2021-08,B3
1230451,1257,Vicky,Inglesent,vinglesentkr@cyberchimps.com,168,2021-09,B2
1552100,1404,Kacy,Harmson,kharmsonks@wunderground.com,135,2021-10,A2
1375317,1118,Thaddeus,Mundle,tmundlekt@ifeng.com,135,2021-11,B1
1317198,1359,Cord,Lenham,clenhamku@bloglines.com,203,2022-01,A1
1439890,1394,Dinnie,Kalkhoven,dkalkhovenkv@bravesites.com,200,2022-02,A6
1054834,1477,Ashia,Leatherbarrow,aleatherbarrowkw@4shared.com,262,2022-02,B2
1037327,1042,Yetty,Matson,ymatsonkx@cdc.gov,241,2021-07,B1
1989229,1388,Hedwiga,Ripsher,hripsherky@yellowbook.com,141,2021-10,A2
1904915,1054,Sheff,D'Cruze,sdcruzekz@dion.ne.jp,259,2021-03,A8
1446447,1280,Candis,Scatchard,cscatchardl0@fotki.com,75,2021-08,A3
1609157,1452,Peria,Whorall,pwhoralll1@goo.gl,81,2021-07,A4
1628498,1157,Denny,Orrell,dorrelll2@wordpress.com,200,2021-08,B5
1524757,1193,Malissia,Michel,mmichell3@biglobe.ne.jp,171,2021-04,B9
1427580,1092,Sallyanne,Boick,sboickl4@g.co,56,2021-03,B9
1806889,1377,Ernesta,Camerana,ecameranal5@cdbaby.com,136,2021-07,A1
1598378,1005,Ardine,Folliss,afollissl6@ft.com,274,2021-07,A5
1422337,1353,Bliss,Scanes,bscanesl7@tinypic.com,200,2022-01,B8
1869493,1092,Paolina,Quartermain,pquartermainl8@tinyurl.com,252,2021-09,B8
1856790,1360,Dieter,Lytlle,dlytllel9@who.int,214,2021-05,A0
1070963,1350,Edythe,Davidovitch,edavidovitchla@51.la,210,2021-10,B2
1040983,1173,Birgit,Rockell,brockelllb@google.it,97,2021-08,A4
1147808,1363,Marne,Beadell,mbeadelllc@photobucket.com,124,2021-10,B7
1992690,1479,Hobard,Grombridge,hgrombridgeld@liveinternet.ru,212,2022-02,A4
1906389,1452,Tymon,Degoy,tdegoyle@pbs.org,78,2021-07,B4
1836002,1101,Moira,Fransman,mfransmanlf@vinaora.com,124,2021-12,B3
1595063,1387,Augusto,Viegas,aviegaslg@princeton.edu,74,2021-09,A9
1400341,1420,Leena,Blanko,lblankolh@symantec.com,239,2021-12,A3
1420953,1003,Bordy,Suarez,bsuarezli@amazon.co.jp,164,2021-06,A7
1872882,1417,Baron,Scandwright,bscandwrightlj@devhub.com,190,2021-10,B6
1469731,1278,Marge,Abeau,mabeaulk@reddit.com,178,2022-01,A3
1015187,1227,Bonnie,Zorzin,bzorzinll@mapquest.com,251,2021-09,B6
1284613,1027,Monti,McCrillis,mmccrillislm@usgs.gov,172,2022-01,A6
1285182,1172,Erda,Tregidgo,etregidgoln@amazon.co.jp,234,2021-02,B4
1989134,1383,Bertrando,Brownsey,bbrownseylo@java.com,108,2021-04,B9
1252716,1291,Dorella,Andric,dandriclp@infoseek.co.jp,155,2021-06,B2
1445005,1053,Elsa,Behling,ebehlinglq@msu.edu,136,2021-04,B6
1776991,1217,Farra,Tevelov,ftevelovlr@weebly.com,230,2021-08,B5
1787015,1352,Gracia,Pires,gpiresls@yahoo.com,62,2021-10,A0
1392959,1085,Lisa,Schwandermann,lschwandermannlt@topsy.com,181,2021-12,A7
1317713,1355,Trixy,Conahy,tconahylu@fotki.com,224,2021-02,B7
1214082,1091,Arly,Podmore,apodmorelv@csmonitor.com,250,2021-07,B1
1784585,1423,Onfre,Finlayson,ofinlaysonlw@dropbox.com,173,2021-10,A2
1688780,1415,Dermot,Conneau,dconneaulx@yandex.ru,176,2021-05,A3
1139105,1251,Shannah,Costa,scostaly@whitehouse.gov,76,2021-08,A4
1730712,1339,Marys,Bubbear,mbubbearlz@twitter.com,164,2021-12,B6
1867774,1396,Uriel,Clell,uclellm0@tumblr.com,153,2021-04,A8
1914301,1461,Whitney,Opdenort,wopdenortm1@pen.io,216,2021-07,B6
1197050,1012,Lucie,Timby,ltimbym2@ucoz.com,275,2021-07,B9
1309234,1204,Giraldo,Heiton,gheitonm3@comcast.net,240,2021-06,B8
1777478,1083,Sada,Luther,slutherm4@sina.com.cn,128,2021-09,B9
1311174,1087,Gavin,Bastard,gbastardm5@businessweek.com,75,2021-11,B0
1164925,1362,Gregorio,Twomey,gtwomeym6@nature.com,59,2021-05,A9
1984800,1292,Holly,Halhead,hhalheadm7@thetimes.co.uk,213,2022-02,B1
1833586,1330,Oralee,Caplen,ocaplenm8@harvard.edu,184,2021-12,B5
1682708,1315,Wakefield,Blackford,wblackfordm9@japanpost.jp,202,2021-04,A4
1718832,1371,Roscoe,Pulham,rpulhamma@noaa.gov,253,2022-01,A6
1394024,1415,Elli,Lark,elarkmb@nytimes.com,262,2021-08,A1
1195060,1286,Lotte,Bonhill,lbonhillmc@microsoft.com,171,2021-02,B2
1822123,1382,Woodman,Stanex,wstanexmd@aol.com,157,2021-12,B3
1116452,1053,Aeriell,Pattillo,apattillome@xing.com,108,2021-11,B3
1880428,1463,Ursula,Sebborn,usebbornmf@netvibes.com,52,2022-01,A8
1406618,1479,Claire,Blaker,cblakermg@ibm.com,277,2021-11,B5
1125569,1009,Raynor,Summerfield,rsummerfieldmh@zimbio.com,216,2021-05,A0
1912538,1047,Cayla,Pirrone,cpirronemi@timesonline.co.uk,148,2021-08,B4
1094553,1226,Rebecca,Jandel,rjandelmj@weebly.com,269,2021-05,B7
1561641,1086,Gradey,Knott,gknottmk@sphinn.com,213,2021-04,A2
1489564,1312,Hillel,de Bullion,hdebullionml@psu.edu,217,2021-07,B7
1217231,1023,Gleda,Warrener,gwarrenermm@w3.org,86,2021-03,B0
1008393,1119,Emmie,Holliar,eholliarmn@mashable.com,121,2021-10,B9
1763759,1474,Susi,Gameson,sgamesonmo@cpanel.net,105,2021-04,B8
1407539,1484,Yorke,Tear,ytearmp@comcast.net,94,2021-04,B6
1221052,1121,Clywd,Sarrell,csarrellmq@de.vu,241,2022-01,A9
1704496,1394,Vincent,Baumford,vbaumfordmr@1688.com,215,2021-06,B0
1789400,1461,Goraud,Luckings,gluckingsms@gizmodo.com,150,2021-02,A7
1340017,1306,Tobi,Vayne,tvaynemt@salon.com,225,2021-03,B6
1222637,1177,Annamarie,Argente,aargentemu@wikia.com,206,2021-10,A2
1796540,1463,Letitia,Anglim,langlimmv@pen.io,296,2021-05,A1
1649830,1335,Gaston,Bailes,gbailesmw@google.de,148,2022-01,A3
1465116,1091,Terza,Styles,tstylesmx@ameblo.jp,177,2021-03,B2
1907489,1372,Alfred,Baldwin,abaldwinmy@ucoz.ru,225,2021-04,A5
1789154,1059,Kenon,Hazeldene,khazeldenemz@eventbrite.com,186,2021-08,A2
1927509,1481,Constance,O' Mullane,comullanen0@ucla.edu,161,2021-10,A4
1503760,1370,Kingsley,Lucia,klucian1@wsj.com,95,2021-11,A3
1998663,1097,Neddy,Housecraft,nhousecraftn2@people.com.cn,86,2021-04,A9
1910281,1326,Othilie,Treeby,otreebyn3@abc.net.au,242,2021-07,B3
1614074,1002,Sharon,Soper,ssopern4@qq.com,217,2021-11,B6
1138808,1409,Camilla,Meffan,cmeffann5@illinois.edu,291,2021-06,A9
1114980,1292,Marilin,Semechik,msemechikn6@wikimedia.org,104,2021-03,B8
1004613,1316,Phyllys,Tutsell,ptutselln7@cloudflare.com,54,2021-08,B2
1756951,1333,Jorgan,Seebright,jseebrightn8@berkeley.edu,255,2021-03,A7
1015811,1039,Rivy,Storch,rstorchn9@prlog.org,72,2022-01,A5
1560257,1419,Max,Prazer,mprazerna@creativecommons.org,104,2022-01,A9
1197723,1250,Titos,Anstee,tansteenb@i2i.jp,170,2021-08,B3
1253473,1326,Angeli,Anthonies,aanthoniesnc@dion.ne.jp,111,2021-09,A7
1857465,1379,Chase,Clutterham,cclutterhamnd@photobucket.com,194,2021-10,A4
1865240,1036,Albertine,Lakes,alakesne@digg.com,61,2022-01,B5
1831272,1147,Judon,Ingman,jingmannf@privacy.gov.au,253,2021-04,A6
1258423,1398,Karita,Chilvers,kchilversng@joomla.org,109,2021-12,B1
1737456,1241,Joyous,Audley,jaudleynh@nih.gov,283,2021-05,A6
1096771,1166,Lay,Kording,lkordingni@vistaprint.com,68,2021-05,A7
1408389,1426,Urbanus,Morley,umorleynj@eventbrite.com,255,2021-03,A8
1246267,1495,Ashley,Rawood,arawoodnk@webs.com,206,2021-10,A0
1443932,1224,Culley,Alvar,calvarnl@newyorker.com,165,2021-02,B8
1190368,1091,Gnni,Hoffmann,ghoffmannnm@yandex.ru,259,2021-10,A2
1265720,1198,Cammy,Conaghy,cconaghynn@sohu.com,191,2021-07,B4
1389279,1050,Sig,Stoker,sstokerno@webnode.com,75,2021-06,B9
1915679,1224,Erma,MacNab,emacnabnp@google.pl,251,2021-04,B1
1008510,1147,Benn,MacIllrick,bmacillricknq@thetimes.co.uk,166,2022-01,A7
1302435,1430,Teodora,Oke,tokenr@freewebs.com,136,2021-08,A7
1554357,1233,Herb,De Maria,hdemarians@cnbc.com,240,2022-02,B8
1399803,1055,Dorthy,Cullabine,dcullabinent@china.com.cn,170,2021-03,A4
1636114,1453,Patrizia,Portinari,pportinarinu@weebly.com,86,2021-04,A6
1508708,1216,Miranda,Althorp,malthorpnv@ifeng.com,205,2022-02,B0
1402164,1206,Hermann,Garstang,hgarstangnw@cdc.gov,227,2021-10,B3
1164038,1471,Donnie,Syddon,dsyddonnx@over-blog.com,84,2022-02,B0
1394518,1297,Nikolia,Gohier,ngohierny@drupal.org,181,2022-01,B3
1190043,1247,Melisent,Wiltshear,mwiltshearnz@jiathis.com,285,2021-11,A5
1915038,1172,Jared,Debenham,jdebenhamo0@baidu.com,197,2021-09,B4
1059679,1161,Wynn,Pirt,wpirto1@flavors.me,246,2021-07,A3
1384660,1395,Vernor,Costy,vcostyo2@blinklist.com,290,2021-11,A3
1108243,1362,Lissi,Faulo,lfauloo3@delicious.com,73,2022-01,B9
1150499,1360,Scott,Kelsell,skelsello4@cmu.edu,252,2021-11,A0
1746043,1411,Hillard,Skoggins,hskogginso5@paginegialle.it,219,2021-04,B5
1438222,1085,Lorne,Yellop,lyellopo6@businessinsider.com,68,2021-07,A4
1930396,1190,Anna-maria,Huby,ahubyo7@webnode.com,58,2021-09,A7
1819851,1218,Adina,Mecchi,amecchio8@arstechnica.com,278,2021-07,B6
1563525,1318,Doe,Polglaze,dpolglazeo9@narod.ru,289,2021-10,A5
1008848,1430,Crystie,Ions,cionsoa@bigcartel.com,219,2022-02,A7
1247495,1098,Barny,Colaco,bcolacoob@un.org,208,2021-08,B0
1337823,1389,Julietta,Have,jhaveoc@slate.com,208,2021-08,A8
1517110,1075,Broderic,Brimmacombe,bbrimmacombeod@bbc.co.uk,175,2021-08,B3
1223632,1391,Sarine,Loughney,sloughneyoe@tumblr.com,110,2021-07,A5
1721967,1229,Giacinta,Bruggen,gbruggenof@issuu.com,114,2021-07,B4
1234657,1303,Garland,Vasyukhin,gvasyukhinog@51.la,294,2022-01,A6
1981956,1293,Edmund,Capozzi,ecapozzioh@tinyurl.com,135,2021-05,B8
1786248,1192,Kendal,Caulliere,kcaulliereoi@cpanel.net,282,2021-02,A9
1907651,1182,Teriann,Cogle,tcogleoj@ca.gov,87,2021-04,B7
1141607,1089,Goraud,Yuryaev,gyuryaevok@jalbum.net,139,2021-03,B3
1827241,1167,Diannne,Winston,dwinstonol@arizona.edu,177,2021-10,A9
1876968,1110,Freddy,Ketts,fkettsom@nbcnews.com,169,2022-01,B2
1675157,1382,Merrill,Cornu,mcornuon@nature.com,96,2022-01,A8
1574015,1070,Torey,Dutson,tdutsonoo@cisco.com,64,2021-03,B0
1573586,1205,Kenon,Halliburton,khalliburtonop@tripod.com,195,2021-08,B7
1627889,1237,Marilin,Paxforde,mpaxfordeoq@bloglovin.com,175,2021-03,B1
1831506,1203,Cilka,Runchman,crunchmanor@alibaba.com,148,2021-03,B4
1046100,1109,Matias,Lease,mleaseos@digg.com,146,2021-04,B5
1763023,1214,Berrie,Charpling,bcharplingot@1und1.de,54,2022-01,B8
1196900,1394,Sissy,MacCleod,smaccleodou@ovh.net,177,2021-10,A6
1440159,1159,Devi,Peirone,dpeironeov@bizjournals.com,112,2021-08,A5
1676537,1263,Susie,Caldairou,scaldairouow@histats.com,277,2021-11,A2
1680974,1219,Eleen,Fetherston,efetherstonox@istockphoto.com,255,2021-11,A2
1629132,1181,Karola,Pether,kpetheroy@linkedin.com,210,2021-11,B2
1882257,1470,Fowler,Wiseman,fwisemanoz@biblegateway.com,83,2021-12,B3
1903227,1012,Maudie,Finey,mfineyp0@wiley.com,161,2021-05,B1
1544841,1272,Umeko,Gummary,ugummaryp1@springer.com,100,2021-02,B2
1439115,1063,Denna,Newns,dnewnsp2@nasa.gov,169,2021-12,B9
1448437,1244,Byron,Muckart,bmuckartp3@miibeian.gov.cn,220,2021-07,B3
1093877,1085,Eolande,Stanlick,estanlickp4@businessinsider.com,95,2021-10,A7
1081341,1451,Gianni,Tejada,gtejadap5@purevolume.com,246,2021-03,A8
1831126,1130,Esdras,Fearnsides,efearnsidesp6@patch.com,187,2021-02,B9
1317015,1476,Stanislas,Delahunty,sdelahuntyp7@theglobeandmail.com,239,2021-02,A3
1498215,1231,Barbie,Haward,bhawardp8@oakley.com,66,2021-08,A7
1059530,1008,Marlene,Spino,mspinop9@blog.com,297,2022-02,B5
1977295,1137,Gayle,Paddemore,gpaddemorepa@cmu.edu,193,2021-09,B2
1156521,1455,Brody,Doerr,bdoerrpb@telegraph.co.uk,274,2021-05,B4
1508726,1103,Malena,Pankethman,mpankethmanpc@japanpost.jp,209,2021-11,B7
1128345,1141,Sanders,Imesson,simessonpd@google.es,84,2021-12,A7
1656812,1401,Trude,Lyvon,tlyvonpe@mysql.com,146,2021-06,A3
1540159,1101,Vernon,Palin,vpalinpf@yandex.ru,200,2021-10,A9
1494840,1071,Ailsun,Ethington,aethingtonpg@europa.eu,188,2021-04,A3
1388520,1145,Marlee,Crother,mcrotherph@msu.edu,108,2021-10,B1
1483646,1065,Verile,Clement,vclementpi@cbsnews.com,68,2021-06,A4
1180380,1213,Margarethe,Hadwen,mhadwenpj@smh.com.au,241,2021-08,A0
1308608,1079,Adolph,Suermeier,asuermeierpk@histats.com,234,2021-10,B8
1683162,1244,Isacco,MacColm,imaccolmpl@economist.com,181,2021-03,B8
1830427,1140,Benito,Fealy,bfealypm@mail.ru,154,2021-04,A3
1624699,1297,Andrea,Coate,acoatepn@google.co.uk,292,2021-12,B9
1880686,1438,Franky,Kirwan,fkirwanpo@bloomberg.com,57,2021-12,A3
1441782,1411,Farlee,Brahan,fbrahanpp@google.de,143,2021-05,A8
1595924,1073,Etan,Yitzovitz,eyitzovitzpq@nsw.gov.au,252,2021-05,A9
1918631,1254,Olly,Cammack,ocammackpr@istockphoto.com,217,2021-07,B4
1649023,1404,Darbie,Burke,dburkeps@wisc.edu,151,2021-04,A5
1992593,1421,Jacintha,Wise,jwisept@opera.com,224,2021-05,B0
1509987,1481,Matthias,Fache,mfachepu@linkedin.com,144,2021-09,A7
1565816,1068,Molly,Hengoed,mhengoedpv@usda.gov,252,2021-12,B7
1041683,1257,Clarisse,Pessolt,cpessoltpw@rediff.com,56,2021-04,A9
1760730,1454,Patsy,Mullard,pmullardpx@123-reg.co.uk,50,2021-12,B9
1967246,1078,Britt,Glozman,bglozmanpy@surveymonkey.com,187,2021-12,A7
1409190,1113,Ladonna,Doogan,ldooganpz@flickr.com,208,2021-03,A1
1108353,1278,Myra,Moyle,mmoyleq0@google.ca,169,2021-04,A4
1316702,1265,Dannel,Waumsley,dwaumsleyq1@loc.gov,256,2021-10,A1
1757385,1274,Hildagarde,Dymick,hdymickq2@auda.org.au,224,2021-02,A8
1329579,1034,Trenton,Woolis,twoolisq3@yandex.ru,64,2021-02,A1
1446610,1467,Jillana,Long,jlongq4@com.com,185,2021-02,A7
1943171,1453,Zenia,Berndt,zberndtq5@merriam-webster.com,232,2021-11,A8
1408271,1129,Karola,O' Timony,kotimonyq6@free.fr,94,2021-04,B7
1742889,1165,Gerek,Swansbury,gswansburyq7@studiopress.com,149,2021-06,B3
1661039,1339,Jessalin,Warin,jwarinq8@cbslocal.com,248,2022-01,B6
1756730,1063,Zelda,Patria,zpatriaq9@bloomberg.com,287,2021-06,B4
1723712,1073,Jane,Caveill,jcaveillqa@spiegel.de,58,2021-08,A2
1127606,1318,L;urette,Lepper,llepperqb@ted.com,162,2021-02,A2
1246440,1069,Bidget,Berndt,bberndtqc@examiner.com,278,2021-07,A7
1012303,1172,Ingaberg,Sinkings,isinkingsqd@quantcast.com,93,2021-10,B6
1905403,1326,Arte,Greenrde,agreenrdeqe@buzzfeed.com,196,2021-08,B5
1152194,1388,Nikki,Mc Carrick,nmccarrickqf@angelfire.com,117,2021-10,B2
1688304,1085,Merlina,Barde,mbardeqg@vkontakte.ru,120,2021-12,B6
1782816,1471,Meier,Aubin,maubinqh@deliciousdays.com,164,2021-07,B3
1916047,1032,Mirelle,Basil,mbasilqi@symantec.com,165,2021-10,A3
1105259,1143,Pablo,Woofendell,pwoofendellqj@china.com.cn,164,2021-11,A8
1879720,1142,Frank,Flecknell,fflecknellqk@ucsd.edu,94,2021-10,B5
1587898,1493,Sid,Talkington,stalkingtonql@yellowpages.com,261,2021-05,A8
1769226,1371,Wren,Canlin,wcanlinqm@google.co.jp,192,2021-04,B0
1140694,1227,Beatrisa,Sapson,bsapsonqn@mediafire.com,248,2021-12,B2
1769730,1412,Marcelia,Pashby,mpashbyqo@eventbrite.com,92,2021-03,A4
1060179,1466,Haskell,Moline,hmolineqp@apache.org,220,2021-02,B5
1576645,1059,Laura,Hilbourne,lhilbourneqq@skyrock.com,129,2022-01,B1
1752493,1286,Brittany,Pattesall,bpattesallqr@nbcnews.com,249,2021-09,A0
1746553,1275,Piotr,Rosita,prositaqs@goo.ne.jp,284,2021-05,B6
1435159,1321,Alford,Watterson,awattersonqt@paypal.com,278,2021-03,A6
1668097,1179,Bunni,Bernardoux,bbernardouxqu@netvibes.com,125,2021-11,B5
1503966,1038,Herby,Hutchings,hhutchingsqv@xinhuanet.com,235,2021-07,B7
1820375,1471,Anne-marie,Gledhill,agledhillqw@soundcloud.com,289,2021-07,A7
1552244,1013,Ranice,Dalton,rdaltonqx@newyorker.com,153,2021-06,B1
1213645,1011,Gabbi,Saiger,gsaigerqy@pinterest.com,93,2021-09,A6
1248885,1031,Christine,Pulfer,cpulferqz@miibeian.gov.cn,237,2022-01,B6
1002505,1432,Trenna,Leamon,tleamonr0@twitpic.com,239,2021-02,B9
1755942,1214,Bev,Rodman,brodmanr1@usatoday.com,92,2021-03,A0
1567962,1063,Niles,Bugbird,nbugbirdr2@ft.com,92,2022-01,A1
1496441,1347,Abe,Gamet,agametr3@fastcompany.com,237,2022-02,A4
1381993,1399,Bradan,Vass,bvassr4@trellian.com,57,2021-10,B6
1144165,1377,Avigdor,Balke,abalker5@army.mil,134,2022-01,A9
1371561,1363,Sandy,Bilton,sbiltonr6@cmu.edu,205,2022-02,B8
1537597,1210,Rhodia,Reimer,rreimerr7@yale.edu,114,2021-07,B8
1379707,1147,Alice,Dyott,adyottr8@unc.edu,135,2021-04,A5
1799078,1299,Sherill,Paintain,spaintainr9@intel.com,213,2022-02,B1
1395054,1014,Niki,Jikylls,njikyllsra@cloudflare.com,128,2022-02,A4
1309725,1396,Hedwig,Barlace,hbarlacerb@bbc.co.uk,259,2021-10,B8
1884435,1252,Virgina,Pacher,vpacherrc@state.gov,140,2021-03,B1
1134943,1098,Elvis,Kobisch,ekobischrd@bandcamp.com,205,2021-12,A3
1570078,1036,Dallas,Marrion,dmarrionre@usnews.com,260,2021-09,A6
1573029,1213,Davon,Bosch,dboschrf@wordpress.org,203,2021-06,A6
1695466,1462,Robinia,Mannagh,rmannaghrg@businessinsider.com,250,2022-02,A7
1420727,1372,Elga,Pauluzzi,epauluzzirh@hhs.gov,281,2021-05,B5
1074650,1345,Dana,Hannant,dhannantri@cnn.com,68,2022-01,B4
1307882,1370,Remus,Greaser,rgreaserrj@kickstarter.com,166,2021-09,A9
1569435,1086,Matthieu,MacArd,mmacardrk@lycos.com,249,2021-03,B1
1655919,1388,Theo,Hatherill,thatherillrl@techcrunch.com,271,2021-06,B4
1201010,1079,Fernando,Dilnot,fdilnotrm@over-blog.com,83,2021-03,B9
1864986,1365,Pepi,Blackboro,pblackbororn@boston.com,263,2021-03,B3
1791366,1291,Leslie,Choat,lchoatro@wsj.com,216,2021-02,B9
1005298,1067,Ninon,Marshall,nmarshallrp@dailymail.co.uk,170,2022-02,A5
1428156,1205,Willetta,Chazelle,wchazellerq@craigslist.org,84,2021-09,A0
1352751,1366,Eloise,Knowlden,eknowldenrr@free.fr,56,2021-11,B6
